customer_id,age,gender,city,annual_income,signup_date,loyalty_score,is_active
1,38.0,Male,Mumbai,1814588.0,2020-06-18,14.91,1
2,27.0,Female,Vadodara,323928.0,2021-11-06,53.82,1
3,42.0,Other,Surat,2499544.0,2020-04-26,11.74,1
4,58.0,Male,Ahmedabad,2030571.0,2022-09-03,91.37,1
5,47.0,Other,Ahmedabad,1936466.0,2020-01-10,62.66,0
6,,Other,Ahmedabad,604777.0,2022-05-29,79.39,1
7,65.0,Male,Delhi,2084718.0,2020-05-16,28.36,1
8,66.0,Male,Mumbai,487649.0,2021-04-03,49.98,1
9,24.0,Male,Ahmedabad,2236852.0,2021-12-16,47.87,1
10,39.0,Male,Ahmedabad,2298090.0,2022-02-09,55.75,1
11,29.0,Female,Vadodara,1291741.0,2020-12-01,95.1,1
12,41.0,Female,Vadodara,182958.0,2022-05-19,78.32,1
13,18.0,Female,Vadodara,2144358.0,2022-08-04,33.94,1
14,39.0,Male,Mumbai,1294521.0,2022-06-27,,1
15,26.0,Female,Delhi,727141.0,2018-04-01,89.23,1
16,30.0,Female,Mumbai,979406.0,2018-11-29,57.68,1
17,18.0,Female,Delhi,2100960.0,2018-01-20,9.6,1
18,44.0,Male,Vadodara,1080078.0,2021-03-01,46.26,1
19,73.0,Female,Ahmedabad,1596714.0,2022-07-11,36.67,0
20,71.0,Other,Mumbai,895393.0,2023-03-03,52.47,1
21,34.0,Male,Rajkot,1139253.0,2021-03-26,19.64,1
22,55.0,Female,Rajkot,164513.0,2018-08-29,75.8,0
23,28.0,Female,Surat,1028187.0,2021-07-06,84.58,1
24,61.0,Female,Rajkot,1872554.0,2020-01-26,29.59,0
25,44.0,Female,Ahmedabad,494555.0,2019-02-25,18.07,1
26,,Other,Vadodara,140072.0,2020-12-14,2.43,1
27,29.0,Other,Vadodara,1645513.0,2023-05-29,64.9,0
28,70.0,Female,Delhi,1234654.0,2019-01-12,61.44,1
29,28.0,Male,Surat,204002.0,2020-12-22,9.65,1
30,23.0,Female,Vadodara,2330530.0,2021-04-16,53.24,1
31,34.0,Male,Rajkot,2149370.0,2020-12-31,92.14,1
32,25.0,Other,Delhi,1726312.0,2021-05-30,53.01,1
33,,Male,Vadodara,1382916.0,2019-12-01,53.4,1
34,47.0,Female,Rajkot,862128.0,2021-08-18,8.41,1
35,33.0,Female,Surat,1132651.0,2021-02-23,70.53,0
36,38.0,Male,Surat,221336.0,2022-02-23,96.83,1
37,48.0,Male,Mumbai,1188487.0,2019-02-27,10.76,1
38,42.0,Male,Rajkot,274790.0,2018-07-10,42.02,1
39,29.0,Male,Delhi,1565845.0,2021-12-03,,1
40,59.0,Male,Rajkot,1685575.0,2019-01-22,38.92,1
41,30.0,Male,Ahmedabad,1358072.0,2018-09-20,88.24,1
42,20.0,Other,Rajkot,2443660.0,2021-02-13,63.17,1
43,43.0,Female,Rajkot,1558088.0,2018-02-13,37.44,1
44,74.0,Female,Mumbai,1141672.0,2020-08-30,55.87,1
45,54.0,Male,Ahmedabad,668586.0,2023-04-25,61.13,0
46,63.0,Female,Mumbai,804781.0,2022-05-25,78.94,1
47,18.0,Male,Delhi,1870578.0,2019-02-07,,1
48,29.0,Female,Rajkot,983447.0,2021-12-26,27.89,1
49,28.0,Male,Rajkot,2025766.0,2021-07-26,96.21,1
50,32.0,Male,Rajkot,1319388.0,2020-04-16,75.44,1
51,33.0,Other,Rajkot,1489361.0,2023-05-18,89.86,0
52,,Other,Surat,1697646.0,2020-12-12,4.11,1
53,64.0,Male,Vadodara,1800556.0,2022-03-20,48.53,1
54,34.0,Female,Vadodara,1911501.0,2021-03-11,21.91,1
55,49.0,Female,Vadodara,468266.0,2019-08-17,14.04,1
56,34.0,Other,Ahmedabad,1544026.0,2022-10-05,36.84,1
57,56.0,Male,Delhi,2179181.0,2020-03-31,95.37,1
58,50.0,Other,Rajkot,2193747.0,2018-03-02,85.04,1
59,46.0,Male,Rajkot,2099716.0,2019-07-12,88.47,0
60,40.0,Female,Mumbai,352380.0,2018-09-11,84.94,1
61,44.0,Male,Rajkot,753971.0,2018-11-05,66.84,0
62,70.0,Female,Ahmedabad,1535336.0,2022-11-06,21.52,1
63,65.0,Other,Surat,180032.0,2021-07-30,58.03,1
64,40.0,Female,Surat,,2018-07-26,93.55,1
65,49.0,Male,Surat,409408.0,2018-01-17,54.66,0
66,21.0,Male,Mumbai,1747560.0,2022-01-25,10.74,1
67,56.0,Other,Mumbai,649247.0,2020-03-21,30.03,1
68,45.0,Male,Rajkot,1680238.0,2019-12-07,36.09,1
69,37.0,Female,Surat,1344804.0,2021-07-21,,1
70,28.0,Female,Rajkot,1981671.0,2023-01-07,3.54,1
71,,Male,Mumbai,1808529.0,2022-08-02,67.85,1
72,33.0,Male,Ahmedabad,1520133.0,2021-10-03,76.05,0
73,28.0,Female,Mumbai,398658.0,2022-08-06,68.88,1
74,18.0,Male,Rajkot,1556720.0,2023-05-04,40.38,0
75,34.0,Male,Ahmedabad,1602132.0,2020-06-27,69.28,0
76,47.0,Male,Vadodara,1453933.0,2019-05-17,12.91,1
77,70.0,Female,Surat,1490226.0,2022-07-15,45.25,1
78,69.0,Female,Ahmedabad,1601163.0,2019-01-26,81.69,1
79,52.0,Female,Ahmedabad,2451282.0,2021-09-12,53.98,0
80,60.0,Male,Mumbai,1745408.0,2021-03-28,94.81,1
81,43.0,Male,Vadodara,,2022-08-19,82.36,1
82,69.0,Other,Vadodara,2126108.0,2021-11-09,89.77,1
83,34.0,Female,Vadodara,1544637.0,2020-04-29,93.0,1
84,21.0,Male,Ahmedabad,2395331.0,2018-07-19,3.44,1
85,73.0,Female,Delhi,,2023-04-30,34.03,1
86,70.0,Other,Delhi,442112.0,2018-04-02,91.11,0
87,74.0,Other,Delhi,,2020-03-30,30.26,0
88,44.0,Male,Ahmedabad,2283148.0,2021-10-25,56.03,1
89,38.0,Other,Delhi,1237705.0,2019-01-01,83.08,1
90,59.0,Male,Vadodara,536752.0,2022-10-29,89.49,1
91,42.0,Other,Delhi,236421.0,2021-02-02,23.4,0
92,23.0,Female,Vadodara,1458849.0,2022-12-23,23.65,1
93,67.0,Male,Vadodara,500432.0,2019-05-22,48.82,1
94,44.0,Male,Ahmedabad,1836062.0,2022-11-12,13.01,1
95,,Male,Surat,514756.0,2020-08-08,20.98,1
96,73.0,Other,Mumbai,595381.0,2019-01-08,68.69,0
97,68.0,Other,Vadodara,640125.0,2020-01-01,69.21,0
98,31.0,Male,Rajkot,1958523.0,2022-12-06,98.78,1
99,21.0,Other,Delhi,1205010.0,2020-12-06,88.89,1
100,54.0,Female,Surat,,2023-04-29,53.59,1
101,33.0,Male,Mumbai,1716910.0,2022-06-16,39.25,0
102,19.0,Male,Ahmedabad,645057.0,2021-09-03,12.42,0
103,28.0,Female,Rajkot,235631.0,2020-04-05,,0
104,23.0,Male,Ahmedabad,2386303.0,2019-07-20,88.14,0
105,62.0,Other,Rajkot,212561.0,2022-12-15,93.56,1
106,24.0,Other,Mumbai,989865.0,2019-09-16,20.42,1
107,69.0,Other,Surat,940697.0,2021-12-14,33.43,1
108,70.0,Female,Vadodara,916931.0,2022-09-06,21.34,1
109,73.0,Male,Rajkot,2285022.0,2022-03-09,40.09,1
110,46.0,Male,Ahmedabad,774587.0,2019-02-18,29.93,1
111,62.0,Male,Rajkot,648763.0,2018-12-10,26.62,1
112,,Male,Delhi,917209.0,2019-01-24,90.58,0
113,36.0,Male,Delhi,147644.0,2018-11-29,39.98,1
114,38.0,Male,Ahmedabad,315573.0,2020-12-30,53.28,1
115,53.0,Other,Mumbai,1850362.0,2021-02-02,81.75,0
116,47.0,Male,Delhi,1620272.0,2019-01-26,56.0,1
117,55.0,Other,Ahmedabad,813808.0,2020-08-19,13.63,1
118,48.0,Other,Surat,357092.0,2020-11-07,98.45,1
119,73.0,Male,Mumbai,468894.0,2019-12-26,80.63,1
120,29.0,Male,Ahmedabad,486598.0,2020-05-26,68.04,1
121,48.0,Other,Ahmedabad,808473.0,2019-06-29,23.78,1
122,58.0,Male,Delhi,1518609.0,2019-07-06,,1
123,23.0,Female,Rajkot,1150634.0,2018-03-30,97.96,1
124,52.0,Female,Ahmedabad,322239.0,2020-07-22,5.41,1
125,24.0,Female,Rajkot,727956.0,2018-11-06,68.39,1
126,22.0,Female,Vadodara,863471.0,2019-01-28,41.31,1
127,40.0,Other,Vadodara,618290.0,2022-12-30,48.63,1
128,43.0,Female,Vadodara,1972716.0,2022-10-13,44.33,1
129,53.0,Female,Mumbai,1940674.0,2018-01-19,62.37,0
130,48.0,Other,Delhi,1124465.0,2021-10-02,52.22,1
131,21.0,Other,Rajkot,914810.0,2021-07-06,,0
132,60.0,Female,Mumbai,1692189.0,2019-12-06,,1
133,73.0,Male,Surat,1772856.0,2020-02-18,41.22,0
134,38.0,Male,Surat,883279.0,2023-04-27,42.88,1
135,67.0,Male,Delhi,2393452.0,2019-06-04,95.26,1
136,48.0,Male,Surat,120579.0,2020-11-03,32.28,0
137,43.0,Female,Surat,1079657.0,2019-12-24,77.88,1
138,23.0,Other,Rajkot,2138956.0,2019-12-22,10.61,1
139,21.0,Male,Mumbai,,2019-10-14,33.11,0
140,46.0,Female,Mumbai,1933144.0,2021-08-06,45.81,1
141,54.0,Other,Rajkot,2099454.0,2019-07-21,26.24,1
142,52.0,Other,Ahmedabad,1440804.0,2020-07-06,11.4,0
143,44.0,Other,Surat,1918387.0,2018-08-23,31.51,0
144,,Male,Vadodara,1433016.0,2018-08-02,99.95,1
145,53.0,Other,Vadodara,2282870.0,2019-01-14,,1
146,43.0,Other,Rajkot,463722.0,2021-02-21,49.79,0
147,50.0,Other,Delhi,1559401.0,2022-02-16,29.52,0
148,42.0,Other,Vadodara,1098052.0,2023-05-25,28.32,1
149,65.0,Other,Delhi,1134057.0,2021-12-01,13.89,1
150,52.0,Female,Rajkot,1911442.0,2021-03-31,87.96,1
151,39.0,Other,Surat,548045.0,2022-11-20,36.31,1
152,57.0,Female,Ahmedabad,,2021-05-13,35.3,1
153,18.0,Other,Rajkot,1807933.0,2020-02-03,62.89,1
154,,Female,Delhi,2004581.0,2021-12-27,59.18,1
155,47.0,Other,Surat,364581.0,2021-05-24,54.31,1
156,60.0,Female,Vadodara,1971611.0,2020-06-24,36.3,0
157,56.0,Male,Ahmedabad,237032.0,2019-05-21,43.61,1
158,67.0,Other,Vadodara,1758679.0,2019-12-30,26.93,1
159,51.0,Female,Ahmedabad,176321.0,2021-10-15,35.65,1
160,37.0,Male,Surat,,2018-10-15,14.49,1
161,31.0,Other,Ahmedabad,785445.0,2020-07-23,25.21,1
162,,Male,Delhi,230394.0,2019-10-28,6.1,1
163,,Other,Delhi,2149319.0,2020-10-31,89.14,1
164,50.0,Other,Delhi,990593.0,2021-08-30,45.07,1
165,55.0,Female,Delhi,2373849.0,2021-09-28,82.15,0
166,42.0,Male,Ahmedabad,742476.0,2018-07-05,37.43,1
167,,Female,Ahmedabad,228887.0,2021-10-18,25.03,1
168,73.0,Male,Vadodara,474481.0,2020-05-22,39.95,0
169,38.0,Male,Delhi,1054878.0,2022-02-10,60.28,1
170,20.0,Male,Surat,632538.0,2019-09-16,14.95,1
171,55.0,Male,Ahmedabad,1443318.0,2022-09-28,21.05,1
172,66.0,Other,Mumbai,984015.0,2022-12-01,35.29,1
173,33.0,Male,Vadodara,1966844.0,2020-02-18,5.72,1
174,21.0,Male,Rajkot,1302864.0,2018-05-12,36.57,0
175,45.0,Other,Vadodara,2342716.0,2021-04-23,98.09,1
176,31.0,Other,Delhi,368399.0,2018-09-29,64.57,1
177,25.0,Male,Ahmedabad,1320362.0,2023-04-25,60.57,1
178,23.0,Other,Mumbai,1844225.0,2022-07-13,50.58,1
179,30.0,Other,Delhi,133557.0,2020-06-03,85.68,1
180,74.0,Male,Vadodara,1516908.0,2022-05-30,2.36,1
181,20.0,Other,Ahmedabad,310923.0,2021-11-19,50.02,1
182,40.0,Male,Mumbai,1598399.0,2020-11-10,,1
183,44.0,Other,Delhi,1296639.0,2021-08-22,62.39,1
184,52.0,Male,Surat,,2019-09-16,28.75,1
185,64.0,Male,Ahmedabad,261350.0,2022-09-23,6.15,1
186,18.0,Male,Delhi,2027275.0,2018-10-01,47.83,1
187,40.0,Other,Delhi,846610.0,2021-10-22,22.23,1
188,39.0,Female,Delhi,1342477.0,2021-10-29,72.68,1
189,34.0,Other,Surat,2009942.0,2020-11-05,71.82,1
190,21.0,Male,Surat,2082109.0,2023-01-26,93.88,1
191,26.0,Female,Delhi,1055849.0,2021-09-19,23.37,1
192,54.0,Other,Rajkot,1297970.0,2018-08-14,85.5,1
193,39.0,Male,Surat,282694.0,2021-06-18,88.6,1
194,26.0,Female,Ahmedabad,1514581.0,2018-03-27,42.33,0
195,52.0,Other,Surat,1793853.0,2022-07-11,17.08,1
196,21.0,Other,Rajkot,1609623.0,2022-01-25,76.33,1
197,,Other,Ahmedabad,1567000.0,2021-10-26,21.73,0
198,,Other,Surat,543838.0,2019-08-15,47.14,1
199,42.0,Male,Ahmedabad,1684010.0,2022-09-08,16.61,1
200,70.0,Female,Vadodara,2011200.0,2018-01-29,40.73,0
201,29.0,Other,Ahmedabad,1179855.0,2020-04-09,8.42,1
202,,Male,Surat,1376777.0,2019-02-09,25.73,1
203,51.0,Male,Delhi,1511377.0,2018-06-16,66.38,1
204,28.0,Other,Ahmedabad,,2023-06-09,29.56,1
205,47.0,Other,Mumbai,435334.0,2020-06-16,74.26,1
206,63.0,Other,Mumbai,1960377.0,2022-10-12,87.84,1
207,52.0,Female,Rajkot,,2020-01-13,29.59,0
208,35.0,Female,Ahmedabad,176990.0,2019-11-07,67.84,1
209,36.0,Male,Ahmedabad,,2019-03-14,21.09,1
210,52.0,Male,Vadodara,2412444.0,2018-06-08,29.97,1
211,37.0,Other,Delhi,1028928.0,2019-01-23,23.88,1
212,43.0,Female,Rajkot,1687722.0,2021-06-12,9.77,1
213,33.0,Female,Delhi,473202.0,2018-09-19,5.47,1
214,69.0,Female,Mumbai,2307582.0,2022-09-26,76.89,0
215,35.0,Male,Rajkot,1856454.0,2023-05-04,42.92,1
216,19.0,Female,Delhi,1645821.0,2021-02-27,91.95,1
217,18.0,Female,Rajkot,1655581.0,2018-04-03,14.73,1
218,24.0,Female,Vadodara,676106.0,2019-05-08,4.99,1
219,71.0,Other,Rajkot,2493513.0,2018-05-17,25.43,1
220,70.0,Female,Rajkot,1083923.0,2018-08-15,84.77,1
221,23.0,Male,Rajkot,1546890.0,2021-12-08,84.17,0
222,22.0,Other,Rajkot,130809.0,2022-12-15,82.06,1
223,57.0,Female,Surat,1007555.0,2022-11-11,5.18,0
224,57.0,Male,Delhi,1954344.0,2020-06-30,9.49,1
225,70.0,Other,Surat,,2018-02-13,7.6,1
226,37.0,Male,Delhi,1280965.0,2022-09-07,58.74,0
227,48.0,Female,Vadodara,2321528.0,2019-02-01,39.08,1
228,69.0,Female,Delhi,1546742.0,2023-03-11,47.87,1
229,67.0,Other,Surat,,2020-02-24,68.96,1
230,68.0,Female,Delhi,982437.0,2023-04-17,36.02,1
231,61.0,Other,Rajkot,2458987.0,2019-07-08,9.98,1
232,49.0,Other,Delhi,795468.0,2020-02-17,68.61,1
233,52.0,Male,Surat,1296049.0,2021-04-23,76.94,1
234,,Female,Surat,2358310.0,2018-07-15,48.89,1
235,53.0,Male,Ahmedabad,1581525.0,2021-02-28,,1
236,27.0,Other,Delhi,1817001.0,2020-01-21,60.21,0
237,23.0,Female,Rajkot,884014.0,2018-09-02,81.6,1
238,47.0,Male,Delhi,668703.0,2018-07-25,9.73,1
239,34.0,Female,Vadodara,1577068.0,2023-01-27,73.65,1
240,72.0,Other,Delhi,1807032.0,2021-04-21,4.59,0
241,57.0,Male,Ahmedabad,1599643.0,2018-05-26,46.9,1
242,31.0,Male,Mumbai,837155.0,2023-06-02,83.77,1
243,31.0,Male,Surat,554093.0,2019-09-20,13.37,1
244,35.0,Female,Rajkot,312318.0,2022-03-03,74.87,0
245,21.0,Other,Mumbai,1658283.0,2019-07-14,52.01,1
246,67.0,Male,Mumbai,,2019-05-26,89.71,1
247,64.0,Male,Rajkot,2237033.0,2020-12-13,47.42,1
248,69.0,Other,Rajkot,2245303.0,2022-01-15,57.93,1
249,66.0,Other,Delhi,1560341.0,2022-04-27,52.89,1
250,50.0,Other,Rajkot,268604.0,2020-02-14,42.33,1
251,71.0,Male,Surat,504065.0,2019-04-28,10.61,0
252,20.0,Female,Rajkot,449649.0,2023-02-21,39.65,0
253,64.0,Female,Surat,554969.0,2019-11-19,77.27,0
254,74.0,Other,Vadodara,1206438.0,2022-03-11,26.06,1
255,26.0,Female,Rajkot,2087545.0,2020-06-23,17.95,1
256,34.0,Female,Rajkot,348775.0,2022-03-22,67.85,0
257,64.0,Male,Rajkot,1624458.0,2018-09-20,24.31,1
258,40.0,Male,Rajkot,2104361.0,2018-05-08,75.07,1
259,66.0,Male,Rajkot,734492.0,2020-12-30,89.77,1
260,71.0,Other,Mumbai,1430990.0,2021-03-21,79.63,0
261,63.0,Female,Ahmedabad,703499.0,2018-11-19,29.18,1
262,50.0,Other,Mumbai,2419206.0,2018-03-23,8.95,1
263,58.0,Male,Ahmedabad,910617.0,2022-01-03,23.14,1
264,67.0,Male,Vadodara,1109612.0,2022-07-22,16.14,1
265,58.0,Male,Rajkot,1740558.0,2019-12-13,67.6,0
266,19.0,Female,Ahmedabad,2241041.0,2022-12-01,7.47,1
267,58.0,Female,Rajkot,1643209.0,2019-08-27,37.15,1
268,74.0,Male,Delhi,1862596.0,2019-08-05,49.88,1
269,37.0,Male,Surat,1795522.0,2020-07-17,98.4,1
270,63.0,Female,Surat,420445.0,2018-04-10,80.67,0
271,46.0,Other,Delhi,512745.0,2018-08-21,86.87,1
272,,Female,Delhi,1404614.0,2022-01-01,28.58,1
273,65.0,Female,Mumbai,727814.0,2019-10-11,41.92,1
274,67.0,Female,Vadodara,1576309.0,2021-05-12,67.56,1
275,43.0,Other,Rajkot,458206.0,2018-09-26,85.87,1
276,23.0,Male,Rajkot,801110.0,2020-03-07,23.16,1
277,62.0,Other,Vadodara,1362837.0,2022-12-22,12.84,1
278,30.0,Other,Surat,1082033.0,2019-02-05,96.5,1
279,55.0,Female,Ahmedabad,1890682.0,2021-07-16,67.53,0
280,38.0,Male,Surat,318278.0,2022-02-04,34.43,1
281,36.0,Female,Delhi,204143.0,2020-04-22,67.32,1
282,69.0,Male,Mumbai,1720372.0,2023-03-19,18.42,0
283,33.0,Female,Ahmedabad,777633.0,2020-11-30,2.47,1
284,61.0,Other,Vadodara,352955.0,2021-10-06,61.5,1
285,44.0,Other,Vadodara,1675909.0,2021-03-12,55.93,0
286,57.0,Female,Surat,1253739.0,2022-07-25,94.49,1
287,41.0,Other,Mumbai,2455488.0,2021-01-04,27.76,1
288,48.0,Other,Rajkot,140190.0,2023-01-08,95.24,1
289,18.0,Female,Rajkot,872969.0,2020-05-30,44.64,1
290,21.0,Female,Rajkot,1416805.0,2022-07-27,3.61,1
291,74.0,Male,Vadodara,1680635.0,2022-04-28,49.94,1
292,36.0,Male,Delhi,744802.0,2023-02-28,70.47,1
293,21.0,Male,Ahmedabad,,2021-11-19,2.41,1
294,55.0,Female,Vadodara,2206137.0,2019-09-26,69.57,1
295,65.0,Female,Vadodara,596665.0,2019-03-19,77.56,1
296,32.0,Other,Delhi,2480623.0,2019-12-19,86.76,1
297,24.0,Female,Rajkot,2184310.0,2020-03-11,,0
298,41.0,Female,Vadodara,864783.0,2019-04-17,71.54,1
299,47.0,Female,Delhi,501435.0,2019-10-23,85.94,1
300,66.0,Female,Vadodara,745276.0,2022-03-20,45.08,1
301,31.0,Male,Rajkot,179642.0,2020-06-06,11.97,1
302,28.0,Other,Mumbai,2404939.0,2020-01-14,81.41,0
303,34.0,Female,Mumbai,,2020-07-03,37.4,1
304,34.0,Female,Delhi,857179.0,2023-05-25,95.75,1
305,38.0,Female,Ahmedabad,1062540.0,2020-06-20,24.45,1
306,,Female,Surat,1982485.0,2021-06-23,85.2,1
307,40.0,Other,Surat,1605814.0,2019-03-18,4.39,1
308,26.0,Male,Ahmedabad,210127.0,2021-03-31,53.92,0
309,32.0,Male,Ahmedabad,1651099.0,2022-11-26,83.14,1
310,22.0,Male,Rajkot,858663.0,2021-04-28,76.28,0
311,64.0,Other,Mumbai,1972101.0,2022-01-03,98.15,1
312,68.0,Other,Mumbai,604182.0,2018-11-15,2.39,1
313,42.0,Female,Rajkot,565094.0,2022-10-05,16.74,1
314,65.0,Female,Ahmedabad,1634421.0,2019-08-14,43.31,1
315,40.0,Female,Mumbai,1550901.0,2021-02-05,87.68,1
316,18.0,Male,Ahmedabad,621451.0,2020-07-04,17.28,1
317,51.0,Male,Surat,767066.0,2019-05-08,25.27,1
318,26.0,Other,Vadodara,2098394.0,2019-11-26,94.94,0
319,34.0,Male,Ahmedabad,800493.0,2023-03-19,84.92,1
320,21.0,Female,Surat,2438623.0,2021-09-26,26.26,1
321,22.0,Other,Surat,157176.0,2018-05-14,84.17,1
322,24.0,Other,Ahmedabad,2090415.0,2022-06-21,52.95,1
323,47.0,Other,Vadodara,1166471.0,2019-11-14,89.99,1
324,74.0,Female,Mumbai,1958921.0,2023-01-28,2.45,1
325,44.0,Other,Rajkot,864504.0,2018-07-10,46.9,1
326,35.0,Female,Ahmedabad,1323459.0,2021-07-17,76.42,1
327,70.0,Male,Mumbai,2354523.0,2019-08-21,15.56,1
328,72.0,Male,Surat,1592888.0,2021-04-05,39.23,1
329,32.0,Male,Mumbai,999379.0,2018-10-18,74.91,0
330,20.0,Female,Vadodara,1537631.0,2019-03-05,94.44,1
331,21.0,Male,Rajkot,904746.0,2018-05-03,38.82,1
332,74.0,Female,Rajkot,446865.0,2021-01-15,66.4,1
333,74.0,Other,Rajkot,925412.0,2019-05-25,53.21,1
334,49.0,Other,Delhi,1420639.0,2020-10-21,57.34,1
335,19.0,Other,Rajkot,897615.0,2022-12-17,92.02,1
336,37.0,Other,Ahmedabad,993721.0,2022-03-07,13.93,0
337,72.0,Male,Delhi,1335716.0,2022-09-05,43.2,0
338,28.0,Female,Ahmedabad,702063.0,2020-08-23,63.06,1
339,20.0,Other,Rajkot,271279.0,2018-05-26,15.08,1
340,23.0,Male,Vadodara,336807.0,2023-05-05,59.66,1
341,29.0,Other,Surat,1515966.0,2021-04-13,88.67,1
342,45.0,Male,Vadodara,582641.0,2022-08-20,23.12,1
343,26.0,Male,Mumbai,266007.0,2022-05-28,39.17,1
344,62.0,Female,Surat,1814475.0,2021-01-03,39.73,0
345,24.0,Male,Vadodara,2188441.0,2022-01-29,,0
346,20.0,Female,Mumbai,1670159.0,2022-03-28,4.26,1
347,49.0,Female,Rajkot,1264422.0,2021-07-30,18.33,1
348,22.0,Male,Mumbai,,2020-10-26,52.7,1
349,26.0,Other,Rajkot,1411947.0,2018-02-14,8.43,1
350,56.0,Other,Delhi,1507208.0,2020-05-10,52.97,1
351,30.0,Male,Delhi,1021242.0,2021-05-24,35.85,1
352,26.0,Other,Mumbai,193923.0,2020-04-20,75.97,1
353,60.0,Other,Mumbai,264801.0,2019-07-29,58.72,1
354,59.0,Male,Rajkot,2048739.0,2021-02-20,88.11,1
355,73.0,Other,Surat,2338623.0,2022-05-04,93.66,1
356,27.0,Other,Surat,717687.0,2022-02-11,66.68,1
357,66.0,Female,Delhi,1811541.0,2018-03-20,73.34,1
358,49.0,Other,Rajkot,374269.0,2019-12-16,,1
359,26.0,Other,Surat,1512532.0,2019-06-12,77.57,1
360,37.0,Female,Rajkot,1948501.0,2019-04-23,30.18,1
361,39.0,Other,Vadodara,1409699.0,2022-10-05,65.8,1
362,66.0,Other,Delhi,237616.0,2019-06-29,47.91,1
363,45.0,Other,Ahmedabad,1993841.0,2023-06-07,41.09,1
364,31.0,Female,Delhi,1509139.0,2018-11-06,95.35,1
365,33.0,Other,Mumbai,258877.0,2021-11-30,70.1,1
366,48.0,Other,Mumbai,2368196.0,2019-04-07,24.4,1
367,40.0,Female,Surat,423787.0,2021-10-23,59.83,1
368,68.0,Other,Ahmedabad,613337.0,2019-02-25,76.84,1
369,39.0,Female,Mumbai,2029383.0,2023-02-03,65.51,1
370,42.0,Male,Ahmedabad,893781.0,2022-03-03,21.2,0
371,70.0,Female,Ahmedabad,1330870.0,2019-01-20,17.74,1
372,55.0,Other,Delhi,952821.0,2022-04-28,56.76,1
373,22.0,Other,Delhi,2322932.0,2018-10-25,60.65,1
374,69.0,Other,Mumbai,171716.0,2020-03-25,40.81,1
375,48.0,Other,Rajkot,,2018-02-28,94.8,1
376,56.0,Male,Vadodara,1098119.0,2020-04-17,45.86,1
377,74.0,Female,Surat,985903.0,2023-01-26,84.95,1
378,43.0,Female,Vadodara,155020.0,2019-02-09,37.3,0
379,30.0,Female,Delhi,1588432.0,2021-11-05,83.39,1
380,45.0,Other,Vadodara,552272.0,2022-01-31,90.81,0
381,65.0,Male,Vadodara,2196401.0,2023-04-05,84.71,1
382,26.0,Female,Rajkot,1133445.0,2022-11-23,74.43,0
383,57.0,Other,Delhi,330711.0,2018-12-05,,1
384,72.0,Female,Surat,1782707.0,2019-01-15,48.3,1
385,35.0,Male,Delhi,485850.0,2022-04-21,12.05,1
386,38.0,Other,Vadodara,203820.0,2018-03-24,65.81,1
387,33.0,Female,Surat,1198341.0,2022-11-04,6.19,1
388,46.0,Other,Rajkot,434435.0,2021-05-19,12.53,1
389,65.0,Other,Ahmedabad,2427648.0,2022-06-20,96.97,0
390,48.0,Other,Delhi,1319256.0,2023-05-12,54.8,1
391,68.0,Male,Delhi,973306.0,2019-04-27,,1
392,47.0,Male,Rajkot,343038.0,2020-08-29,14.71,1
393,40.0,Male,Mumbai,2003019.0,2018-07-27,77.04,0
394,60.0,Female,Surat,405219.0,2018-02-25,82.54,1
395,27.0,Other,Ahmedabad,1762917.0,2019-03-25,77.41,1
396,73.0,Male,Ahmedabad,794990.0,2020-08-04,69.03,1
397,27.0,Female,Mumbai,655641.0,2022-01-15,29.29,1
398,58.0,Male,Ahmedabad,168361.0,2020-09-23,91.01,1
399,67.0,Male,Vadodara,555763.0,2019-11-16,20.99,1
400,,Male,Surat,818572.0,2021-01-20,2.18,1
401,54.0,Female,Mumbai,,2019-03-16,72.93,0
402,58.0,Male,Mumbai,574160.0,2021-05-28,81.82,1
403,41.0,Other,Mumbai,558336.0,2020-06-30,85.87,1
404,,Male,Surat,2457458.0,2020-12-21,79.21,1
405,39.0,Other,Delhi,2045979.0,2021-02-17,,1
406,67.0,Female,Vadodara,183148.0,2019-04-11,45.48,0
407,45.0,Female,Mumbai,1107169.0,2019-08-09,88.48,1
408,59.0,Other,Delhi,2248252.0,2019-04-18,60.18,0
409,65.0,Other,Mumbai,540947.0,2022-09-19,73.02,0
410,41.0,Other,Ahmedabad,1502715.0,2023-05-20,42.0,1
411,33.0,Female,Rajkot,347864.0,2023-05-04,2.94,1
412,30.0,Male,Ahmedabad,994282.0,2022-10-30,11.94,1
413,65.0,Female,Mumbai,1002156.0,2019-07-23,4.39,1
414,66.0,Other,Vadodara,578728.0,2021-07-12,8.42,1
415,40.0,Male,Delhi,1850568.0,2022-07-05,53.41,1
416,70.0,Female,Delhi,2113233.0,2023-05-14,47.84,1
417,49.0,Male,Delhi,1870377.0,2022-12-30,73.47,1
418,56.0,Other,Mumbai,2368185.0,2021-11-05,19.07,1
419,51.0,Female,Vadodara,122258.0,2021-12-28,42.16,1
420,41.0,Other,Delhi,1013163.0,2019-01-12,48.32,0
421,46.0,Female,Delhi,1944223.0,2023-04-29,18.39,1
422,60.0,Female,Vadodara,2251850.0,2018-12-11,26.85,1
423,23.0,Male,Vadodara,834643.0,2022-08-16,12.69,1
424,20.0,Male,Mumbai,1574302.0,2019-08-08,19.72,0
425,69.0,Female,Rajkot,1345660.0,2019-04-26,78.25,0
426,64.0,Male,Delhi,2002069.0,2023-01-26,17.83,1
427,47.0,Female,Mumbai,1672252.0,2018-06-27,41.53,1
428,23.0,Male,Ahmedabad,772679.0,2018-12-09,13.73,1
429,49.0,Female,Delhi,948324.0,2018-01-31,86.59,1
430,32.0,Other,Rajkot,1950227.0,2020-10-01,93.88,1
431,68.0,Male,Delhi,1273307.0,2023-03-04,98.95,1
432,46.0,Female,Rajkot,1620704.0,2018-06-17,38.91,0
433,74.0,Other,Vadodara,2113409.0,2020-09-20,61.93,0
434,32.0,Female,Surat,537475.0,2022-08-18,76.52,0
435,61.0,Female,Surat,898044.0,2018-03-31,32.95,0
436,46.0,Other,Mumbai,1197656.0,2021-04-13,45.51,1
437,,Other,Surat,947610.0,2019-08-18,45.47,1
438,73.0,Other,Rajkot,896060.0,2019-06-29,32.35,1
439,41.0,Female,Vadodara,1151711.0,2020-07-19,5.46,0
440,47.0,Female,Surat,709894.0,2021-10-18,52.65,1
441,35.0,Male,Vadodara,1888331.0,2020-03-27,33.41,0
442,42.0,Other,Delhi,1247513.0,2023-03-06,68.97,1
443,30.0,Female,Vadodara,2017393.0,2018-01-02,6.69,1
444,46.0,Other,Rajkot,1233414.0,2020-07-10,50.42,1
445,59.0,Male,Ahmedabad,2238129.0,2022-05-02,65.89,1
446,49.0,Other,Rajkot,2454193.0,2023-06-22,31.73,1
447,,Other,Rajkot,1412591.0,2020-01-16,52.08,1
448,51.0,Other,Delhi,1372184.0,2020-02-13,10.71,1
449,47.0,Male,Vadodara,2402535.0,2023-05-13,53.77,1
450,,Other,Mumbai,996627.0,2023-02-09,55.37,1
451,69.0,Male,Vadodara,2103026.0,2019-06-20,92.25,1
452,50.0,Male,Surat,1700383.0,2019-05-16,83.98,1
453,49.0,Male,Surat,218128.0,2019-06-24,51.7,1
454,41.0,Other,Ahmedabad,656027.0,2021-06-29,44.31,1
455,70.0,Female,Mumbai,1056473.0,2021-10-13,15.98,1
456,69.0,Female,Vadodara,1372805.0,2020-02-12,17.64,0
457,70.0,Female,Delhi,996962.0,2022-01-27,85.26,0
458,67.0,Male,Mumbai,2044027.0,2021-05-19,71.73,0
459,18.0,Other,Ahmedabad,972649.0,2021-12-03,45.65,1
460,55.0,Female,Ahmedabad,2173211.0,2022-04-12,86.98,0
461,26.0,Other,Vadodara,1927721.0,2020-03-18,82.77,1
462,65.0,Other,Delhi,693695.0,2022-02-02,55.95,1
463,38.0,Female,Rajkot,2077982.0,2021-11-25,,1
464,32.0,Other,Mumbai,2033371.0,2020-05-14,,1
465,37.0,Female,Rajkot,1016600.0,2019-11-28,,1
466,54.0,Female,Mumbai,415047.0,2019-02-20,1.4,1
467,49.0,Other,Surat,2186073.0,2019-06-03,99.36,1
468,38.0,Other,Rajkot,269667.0,2022-02-26,33.8,1
469,,Female,Delhi,1451794.0,2018-05-12,36.67,1
470,29.0,Other,Surat,2290604.0,2019-05-26,84.91,0
471,50.0,Other,Delhi,1297133.0,2022-07-31,98.82,1
472,74.0,Female,Vadodara,2307075.0,2020-06-08,68.67,1
473,50.0,Female,Rajkot,577623.0,2020-07-25,,1
474,,Other,Vadodara,988906.0,2019-02-04,99.73,1
475,35.0,Other,Surat,1479390.0,2021-06-02,34.59,1
476,21.0,Male,Mumbai,1165311.0,2018-08-02,76.42,1
477,63.0,Other,Rajkot,1272720.0,2022-05-24,9.24,1
478,74.0,Male,Vadodara,1492214.0,2023-02-05,51.36,1
479,45.0,Female,Rajkot,1851321.0,2020-10-18,62.67,1
480,47.0,Other,Ahmedabad,571243.0,2018-07-25,24.9,0
481,38.0,Male,Vadodara,2284272.0,2022-12-17,13.33,0
482,39.0,Male,Vadodara,761319.0,2021-12-24,23.9,1
483,24.0,Other,Surat,862296.0,2020-04-03,41.94,0
484,69.0,Other,Rajkot,1001250.0,2018-04-22,91.86,0
485,55.0,Male,Rajkot,1779355.0,2023-05-31,62.17,1
486,41.0,Male,Vadodara,1957499.0,2018-12-16,96.17,1
487,23.0,Other,Delhi,2422760.0,2020-04-14,42.69,0
488,48.0,Male,Delhi,236168.0,2020-01-21,89.57,1
489,47.0,Other,Mumbai,1562848.0,2022-08-03,90.71,0
490,50.0,Other,Delhi,2434644.0,2018-05-19,26.47,1
491,27.0,Male,Delhi,761808.0,2019-11-25,47.94,1
492,34.0,Female,Delhi,980823.0,2018-07-06,47.07,1
493,47.0,Female,Delhi,2245040.0,2019-01-16,9.59,1
494,50.0,Male,Mumbai,919560.0,2020-11-04,90.34,1
495,51.0,Male,Rajkot,1868888.0,2020-12-16,5.77,1
496,21.0,Male,Ahmedabad,1974238.0,2019-08-03,86.48,1
497,37.0,Female,Surat,1666394.0,2021-07-18,79.38,1
498,33.0,Female,Mumbai,2011989.0,2020-03-07,87.59,1
499,33.0,Female,Delhi,2337166.0,2019-12-01,98.76,1
500,50.0,Female,Mumbai,1576782.0,2019-03-02,53.68,1
501,27.0,Male,Rajkot,637318.0,2018-02-08,73.91,1
502,46.0,Male,Delhi,,2019-12-13,50.18,1
503,57.0,Other,Rajkot,903499.0,2021-09-11,21.19,1
504,34.0,Female,Delhi,2270127.0,2020-08-10,39.14,1
505,65.0,Male,Ahmedabad,,2019-03-19,77.26,1
506,35.0,Male,Surat,159037.0,2020-05-18,94.43,1
507,37.0,Other,Surat,295257.0,2022-03-06,49.99,1
508,66.0,Female,Delhi,216105.0,2019-03-25,,1
509,54.0,Female,Rajkot,901402.0,2021-07-13,81.19,1
510,52.0,Male,Delhi,892056.0,2019-09-02,68.53,1
511,66.0,Female,Ahmedabad,238082.0,2022-10-24,96.33,1
512,67.0,Other,Surat,2285041.0,2019-11-04,62.19,1
513,30.0,Other,Rajkot,1427150.0,2022-05-20,53.75,1
514,74.0,Male,Vadodara,2458777.0,2023-06-17,7.29,1
515,50.0,Male,Ahmedabad,1767142.0,2021-06-25,40.38,1
516,31.0,Female,Rajkot,2433470.0,2023-06-09,70.9,1
517,20.0,Female,Surat,1461512.0,2021-05-12,53.48,1
518,41.0,Male,Rajkot,292084.0,2019-06-25,26.53,1
519,49.0,Other,Ahmedabad,497107.0,2022-01-22,72.89,1
520,31.0,Male,Surat,2004747.0,2022-07-16,56.07,1
521,38.0,Female,Mumbai,186860.0,2020-02-05,5.36,1
522,32.0,Male,Rajkot,1734506.0,2018-06-12,20.96,1
523,71.0,Other,Mumbai,680636.0,2020-05-24,93.03,1
524,43.0,Other,Rajkot,1066893.0,2022-09-18,76.37,1
525,64.0,Male,Surat,469257.0,2022-10-13,41.79,1
526,68.0,Male,Mumbai,517508.0,2023-03-26,31.9,0
527,62.0,Male,Surat,857322.0,2022-01-17,64.81,1
528,60.0,Female,Ahmedabad,945119.0,2020-11-14,30.66,1
529,54.0,Male,Surat,2128285.0,2020-07-25,13.72,1
530,26.0,Female,Ahmedabad,536997.0,2019-05-08,8.82,1
531,52.0,Other,Vadodara,489899.0,2023-03-12,32.99,0
532,70.0,Female,Rajkot,1048198.0,2022-12-05,54.57,1
533,24.0,Male,Rajkot,2136901.0,2020-07-16,39.45,1
534,31.0,Female,Rajkot,2271050.0,2018-02-09,59.25,1
535,25.0,Female,Rajkot,333186.0,2020-04-09,54.46,1
536,53.0,Male,Vadodara,328157.0,2023-04-23,9.21,1
537,40.0,Male,Surat,1636978.0,2019-07-14,58.2,1
538,47.0,Male,Ahmedabad,1444863.0,2022-12-22,31.55,1
539,60.0,Male,Surat,1244829.0,2021-09-07,1.36,0
540,50.0,Female,Delhi,1778066.0,2022-12-01,56.02,1
541,18.0,Female,Surat,1840244.0,2020-03-24,46.2,1
542,56.0,Other,Delhi,1741791.0,2019-03-31,51.06,1
543,20.0,Female,Surat,453503.0,2022-10-13,57.57,1
544,18.0,Female,Mumbai,205626.0,2018-04-19,63.11,1
545,64.0,Other,Delhi,172002.0,2021-04-21,45.42,1
546,52.0,Male,Surat,1192437.0,2023-02-26,73.06,1
547,45.0,Male,Delhi,1867824.0,2020-02-10,,1
548,23.0,Male,Mumbai,951409.0,2022-09-27,55.06,1
549,59.0,Female,Surat,976647.0,2022-04-12,79.45,0
550,74.0,Male,Ahmedabad,1237085.0,2020-07-27,29.4,1
551,30.0,Female,Vadodara,,2018-06-05,58.32,1
552,58.0,Male,Surat,361364.0,2021-05-05,93.18,1
553,40.0,Other,Ahmedabad,699621.0,2022-11-16,92.52,1
554,48.0,Other,Surat,1141492.0,2020-01-30,79.0,1
555,31.0,Male,Delhi,770058.0,2018-05-04,25.43,1
556,43.0,Female,Delhi,2157216.0,2019-07-05,37.75,0
557,67.0,Female,Vadodara,1849810.0,2019-08-18,81.43,1
558,67.0,Male,Vadodara,,2020-05-06,48.76,1
559,47.0,Other,Vadodara,583230.0,2023-03-02,60.12,1
560,59.0,Male,Surat,1194489.0,2021-09-13,6.05,1
561,66.0,Other,Mumbai,1413998.0,2022-03-15,19.73,1
562,21.0,Other,Ahmedabad,2198664.0,2018-08-18,51.91,0
563,39.0,Male,Mumbai,869001.0,2018-09-30,32.96,1
564,28.0,Other,Rajkot,930049.0,2019-11-09,96.39,1
565,,Male,Surat,1153306.0,2023-01-10,45.28,1
566,26.0,Other,Mumbai,1360553.0,2018-07-19,6.59,1
567,19.0,Female,Ahmedabad,,2019-07-04,99.97,0
568,71.0,Female,Rajkot,749734.0,2018-03-27,75.31,1
569,,Other,Mumbai,125053.0,2019-11-04,15.59,0
570,45.0,Male,Mumbai,,2020-08-17,71.53,1
571,31.0,Female,Vadodara,132422.0,2021-03-30,1.71,0
572,20.0,Female,Rajkot,1748113.0,2020-06-21,23.78,0
573,,Female,Mumbai,1408915.0,2020-09-10,75.66,0
574,40.0,Female,Mumbai,1102944.0,2020-10-29,19.5,1
575,33.0,Female,Surat,1996717.0,2021-11-25,38.77,1
576,25.0,Other,Vadodara,2081270.0,2018-06-13,63.02,1
577,31.0,Female,Ahmedabad,682775.0,2021-08-03,65.32,0
578,24.0,Other,Surat,1854466.0,2018-06-29,74.35,1
579,49.0,Other,Vadodara,951718.0,2021-08-13,90.88,1
580,52.0,Other,Vadodara,,2020-04-11,,1
581,71.0,Other,Surat,2032112.0,2018-07-19,74.53,1
582,67.0,Female,Vadodara,326572.0,2022-10-08,12.72,1
583,45.0,Other,Ahmedabad,1982533.0,2020-03-30,2.98,0
584,68.0,Female,Surat,646570.0,2020-05-08,16.05,1
585,36.0,Other,Ahmedabad,1875731.0,2019-11-02,42.81,1
586,50.0,Other,Vadodara,219144.0,2021-06-18,81.63,1
587,58.0,Female,Ahmedabad,1565072.0,2020-10-15,20.28,1
588,30.0,Female,Surat,1214685.0,2018-07-23,45.1,1
589,74.0,Male,Vadodara,,2021-07-26,87.66,0
590,41.0,Other,Ahmedabad,554152.0,2023-03-30,22.1,1
591,21.0,Other,Delhi,666868.0,2021-04-05,11.17,1
592,32.0,Other,Delhi,,2018-04-22,78.32,1
593,20.0,Male,Vadodara,645664.0,2023-01-08,15.55,1
594,37.0,Female,Delhi,1214947.0,2021-12-12,1.7,1
595,63.0,Female,Delhi,321927.0,2023-04-22,46.33,1
596,24.0,Other,Ahmedabad,617399.0,2021-06-13,,0
597,52.0,Male,Ahmedabad,632885.0,2022-03-24,6.27,1
598,59.0,Other,Rajkot,1468518.0,2019-07-15,86.08,0
599,57.0,Male,Surat,1245539.0,2022-01-26,14.48,1
600,55.0,Female,Delhi,281708.0,2021-08-18,25.99,0
601,56.0,Other,Mumbai,407568.0,2020-03-27,49.19,0
602,72.0,Other,Ahmedabad,474159.0,2022-12-03,,1
603,51.0,Male,Rajkot,2266008.0,2018-05-21,80.36,1
604,27.0,Male,Ahmedabad,1211722.0,2020-09-06,97.84,0
605,,Female,Rajkot,728652.0,2020-01-28,58.75,1
606,69.0,Other,Rajkot,642299.0,2020-10-25,42.21,1
607,33.0,Female,Delhi,1542031.0,2019-09-22,64.4,1
608,72.0,Male,Mumbai,1918404.0,2021-07-24,99.05,1
609,29.0,Male,Vadodara,157860.0,2020-12-29,33.48,1
610,65.0,Female,Mumbai,1789613.0,2022-12-03,30.45,1
611,25.0,Female,Mumbai,778496.0,2022-02-01,12.24,1
612,30.0,Other,Rajkot,1746298.0,2020-09-01,27.53,0
613,31.0,Other,Rajkot,1144584.0,2020-02-15,61.3,1
614,45.0,Female,Vadodara,2059115.0,2018-12-13,24.93,1
615,23.0,Male,Surat,1207743.0,2021-09-16,94.35,1
616,33.0,Other,Vadodara,575071.0,2018-10-08,91.65,1
617,39.0,Male,Vadodara,2318345.0,2021-05-07,74.32,1
618,71.0,Male,Surat,1299487.0,2023-02-10,14.83,1
619,63.0,Female,Rajkot,,2019-07-24,12.79,1
620,73.0,Female,Delhi,902929.0,2020-02-25,92.23,1
621,19.0,Female,Vadodara,2294008.0,2018-09-28,89.52,1
622,37.0,Male,Mumbai,609809.0,2021-12-16,50.19,1
623,35.0,Female,Mumbai,1019245.0,2020-10-26,67.19,0
624,22.0,Female,Mumbai,2276454.0,2019-12-04,21.37,1
625,56.0,Female,Surat,964925.0,2023-06-15,96.19,1
626,47.0,Male,Surat,1930326.0,2020-05-14,97.26,1
627,37.0,Other,Mumbai,2367350.0,2023-06-04,69.1,1
628,60.0,Female,Rajkot,326475.0,2020-10-01,95.95,1
629,25.0,Female,Ahmedabad,1382758.0,2020-10-24,66.33,1
630,23.0,Male,Delhi,1002725.0,2023-02-23,33.68,1
631,40.0,Other,Ahmedabad,398128.0,2022-08-27,21.15,1
632,62.0,Other,Rajkot,1367777.0,2019-09-19,76.45,1
633,54.0,Male,Vadodara,2129251.0,2021-10-26,89.23,1
634,24.0,Other,Delhi,1167783.0,2020-11-24,16.61,1
635,53.0,Other,Delhi,1157306.0,2020-12-21,60.76,0
636,51.0,Male,Surat,484070.0,2022-05-14,,0
637,19.0,Female,Delhi,516865.0,2020-07-12,6.92,1
638,53.0,Female,Rajkot,1567600.0,2020-07-01,39.46,0
639,,Female,Mumbai,1398458.0,2020-04-15,57.02,1
640,41.0,Male,Mumbai,1827693.0,2018-12-05,33.03,1
641,21.0,Female,Rajkot,2137682.0,2020-02-21,44.69,1
642,26.0,Other,Vadodara,159565.0,2018-09-01,37.58,1
643,49.0,Female,Surat,1520132.0,2023-02-06,51.26,1
644,54.0,Other,Ahmedabad,2301710.0,2018-11-15,,1
645,26.0,Other,Delhi,1076659.0,2023-04-03,20.48,0
646,21.0,Female,Surat,2269588.0,2021-07-02,68.43,1
647,35.0,Other,Surat,354093.0,2021-09-14,22.23,1
648,55.0,Male,Rajkot,681690.0,2018-02-20,,1
649,65.0,Female,Delhi,915940.0,2022-11-10,28.2,0
650,51.0,Male,Delhi,,2022-06-17,,1
651,27.0,Other,Delhi,1845114.0,2022-08-18,56.05,0
652,25.0,Female,Vadodara,2042045.0,2023-06-22,37.82,1
653,66.0,Female,Delhi,1700181.0,2018-01-25,28.06,1
654,59.0,Male,Vadodara,1801775.0,2022-05-30,42.22,1
655,36.0,Male,Rajkot,544104.0,2021-05-17,52.3,1
656,33.0,Other,Surat,1803340.0,2020-07-23,32.38,1
657,64.0,Other,Mumbai,337736.0,2019-05-12,58.43,0
658,20.0,Male,Mumbai,1668422.0,2018-08-19,44.43,1
659,53.0,Female,Rajkot,182480.0,2019-10-28,43.35,1
660,24.0,Male,Rajkot,944976.0,2023-05-05,17.44,1
661,57.0,Other,Surat,504250.0,2023-03-08,63.0,1
662,73.0,Male,Surat,1451871.0,2020-11-28,47.82,0
663,34.0,Male,Rajkot,2088379.0,2018-09-23,12.6,1
664,44.0,Male,Surat,,2022-08-27,78.97,1
665,74.0,Male,Ahmedabad,1687296.0,2021-08-25,93.09,1
666,33.0,Female,Ahmedabad,530077.0,2019-08-22,76.45,0
667,40.0,Other,Surat,,2018-11-09,52.88,1
668,30.0,Male,Ahmedabad,609853.0,2019-06-23,81.7,1
669,51.0,Other,Ahmedabad,955942.0,2022-08-19,45.95,0
670,31.0,Other,Surat,442751.0,2021-06-03,84.15,1
671,48.0,Female,Surat,993642.0,2018-02-14,40.88,1
672,64.0,Male,Rajkot,208696.0,2018-08-30,45.07,1
673,30.0,Female,Ahmedabad,2295674.0,2021-02-08,25.44,1
674,22.0,Male,Vadodara,,2021-07-10,9.56,0
675,74.0,Male,Mumbai,392342.0,2022-09-05,60.87,1
676,73.0,Male,Surat,988471.0,2023-06-15,2.38,0
677,58.0,Male,Delhi,1225293.0,2018-12-18,89.6,1
678,66.0,Female,Vadodara,182203.0,2021-07-03,67.63,1
679,68.0,Male,Ahmedabad,,2021-05-26,41.37,1
680,41.0,Male,Surat,541692.0,2020-05-02,67.16,1
681,,Male,Surat,1386158.0,2021-08-10,9.96,1
682,67.0,Other,Ahmedabad,276946.0,2021-12-10,6.02,1
683,65.0,Other,Surat,2347356.0,2020-10-14,46.04,1
684,,Male,Surat,2034593.0,2023-02-23,55.38,1
685,26.0,Male,Vadodara,1508165.0,2020-03-18,61.05,1
686,26.0,Other,Surat,1642397.0,2018-04-21,13.74,1
687,72.0,Male,Vadodara,1843505.0,2019-01-29,14.22,1
688,18.0,Male,Vadodara,1003095.0,2022-02-17,23.16,1
689,43.0,Other,Rajkot,1180382.0,2021-09-12,32.09,1
690,37.0,Male,Surat,268806.0,2020-06-09,30.76,1
691,45.0,Male,Surat,,2018-12-27,51.91,0
692,57.0,Female,Vadodara,471168.0,2021-07-13,99.88,0
693,61.0,Male,Vadodara,1206722.0,2021-08-31,58.2,0
694,32.0,Female,Surat,2343487.0,2020-02-22,11.85,0
695,39.0,Other,Delhi,1038810.0,2022-03-03,4.3,1
696,34.0,Female,Surat,596573.0,2021-12-02,58.7,1
697,41.0,Other,Ahmedabad,1525142.0,2021-05-12,15.44,1
698,46.0,Female,Ahmedabad,1651656.0,2023-03-27,76.55,0
699,55.0,Other,Vadodara,1284562.0,2022-02-06,92.55,0
700,39.0,Male,Ahmedabad,863423.0,2021-08-28,36.7,1
701,42.0,Male,Vadodara,173959.0,2022-03-06,91.11,0
702,44.0,Male,Vadodara,643860.0,2020-03-15,54.81,1
703,47.0,Male,Ahmedabad,1250446.0,2018-08-17,,0
704,,Other,Mumbai,1462711.0,2020-10-29,56.36,1
705,56.0,Female,Delhi,2220753.0,2021-02-10,95.13,1
706,50.0,Female,Delhi,2313742.0,2021-06-06,66.98,1
707,50.0,Female,Delhi,1800299.0,2023-05-09,39.51,1
708,39.0,Male,Vadodara,1096110.0,2019-02-11,63.4,1
709,40.0,Male,Surat,349395.0,2023-03-25,65.66,1
710,63.0,Male,Mumbai,336256.0,2021-03-31,30.51,1
711,41.0,Male,Ahmedabad,1825550.0,2020-10-12,44.91,1
712,64.0,Male,Vadodara,449018.0,2021-06-28,34.91,1
713,34.0,Female,Vadodara,1369623.0,2019-12-23,7.09,0
714,72.0,Male,Ahmedabad,865059.0,2021-10-15,,1
715,49.0,Female,Delhi,612502.0,2018-12-03,1.62,0
716,64.0,Other,Delhi,1538748.0,2021-02-03,47.87,1
717,48.0,Male,Vadodara,821580.0,2019-02-19,42.83,0
718,34.0,Other,Ahmedabad,2192936.0,2019-04-09,20.66,1
719,47.0,Female,Surat,635492.0,2022-05-08,35.92,1
720,35.0,Female,Delhi,646853.0,2022-10-14,27.02,1
721,30.0,Male,Delhi,988651.0,2020-05-21,96.4,0
722,46.0,Female,Mumbai,639527.0,2018-09-27,4.4,0
723,39.0,Male,Vadodara,491535.0,2019-06-14,,0
724,48.0,Female,Ahmedabad,444722.0,2021-03-23,9.61,1
725,53.0,Other,Mumbai,560141.0,2019-06-15,21.29,1
726,71.0,Female,Mumbai,1091222.0,2021-05-02,,1
727,65.0,Other,Ahmedabad,2216113.0,2020-01-17,1.85,1
728,52.0,Female,Surat,1619631.0,2019-01-07,48.51,1
729,57.0,Female,Rajkot,1923712.0,2020-06-10,24.76,1
730,71.0,Other,Rajkot,1650123.0,2020-04-25,,1
731,54.0,Female,Rajkot,1481877.0,2018-07-06,69.3,1
732,73.0,Male,Ahmedabad,1752506.0,2021-12-12,71.97,1
733,46.0,Male,Surat,1654723.0,2021-06-08,89.15,1
734,54.0,Other,Delhi,441435.0,2018-03-28,76.78,0
735,67.0,Female,Mumbai,534306.0,2022-08-04,91.02,1
736,61.0,Other,Mumbai,1282787.0,2018-11-08,61.09,0
737,65.0,Female,Mumbai,1812459.0,2020-07-20,61.07,0
738,36.0,Male,Surat,1634247.0,2022-09-26,99.23,1
739,56.0,Male,Delhi,1302815.0,2022-11-05,67.21,1
740,48.0,Female,Surat,454967.0,2019-04-05,92.68,1
741,51.0,Female,Vadodara,1656401.0,2021-06-08,96.96,1
742,71.0,Other,Surat,796784.0,2022-12-13,,1
743,40.0,Female,Ahmedabad,761517.0,2021-05-27,63.74,1
744,49.0,Female,Vadodara,1413978.0,2018-02-19,64.88,1
745,73.0,Other,Mumbai,293990.0,2022-05-07,88.66,1
746,74.0,Male,Surat,347241.0,2021-12-23,15.56,1
747,51.0,Other,Mumbai,382207.0,2022-03-16,76.83,0
748,27.0,Male,Rajkot,1048703.0,2021-03-09,3.19,1
749,24.0,Other,Surat,1884284.0,2018-10-13,16.9,1
750,68.0,Other,Rajkot,2167513.0,2019-12-07,84.13,1
751,59.0,Male,Mumbai,431456.0,2020-09-17,73.28,1
752,32.0,Other,Ahmedabad,,2022-09-11,80.03,1
753,53.0,Other,Mumbai,215106.0,2021-10-10,83.22,1
754,32.0,Male,Rajkot,1982199.0,2022-10-04,17.58,1
755,41.0,Other,Vadodara,,2020-07-02,87.81,1
756,51.0,Other,Mumbai,509183.0,2019-02-10,33.23,1
757,71.0,Female,Rajkot,2354235.0,2022-10-23,45.73,1
758,32.0,Male,Rajkot,1245630.0,2022-01-21,31.82,1
759,62.0,Male,Mumbai,1027008.0,2021-11-14,70.11,1
760,26.0,Male,Delhi,2267471.0,2021-12-01,90.06,1
761,22.0,Other,Delhi,2119171.0,2019-07-20,6.23,1
762,18.0,Other,Vadodara,792994.0,2019-02-10,77.81,0
763,71.0,Female,Ahmedabad,607759.0,2019-12-25,91.38,1
764,19.0,Other,Delhi,1153884.0,2018-11-04,,0
765,48.0,Male,Delhi,902084.0,2020-04-23,20.85,1
766,,Male,Rajkot,222579.0,2022-03-03,91.96,1
767,70.0,Female,Vadodara,894628.0,2023-06-22,,1
768,35.0,Other,Mumbai,1743715.0,2020-08-03,91.62,1
769,34.0,Female,Surat,2422524.0,2021-05-12,98.53,0
770,74.0,Other,Vadodara,2325673.0,2019-08-29,54.59,1
771,61.0,Male,Rajkot,1019421.0,2021-03-03,,1
772,21.0,Female,Rajkot,1203584.0,2020-10-14,18.29,0
773,34.0,Female,Ahmedabad,1230464.0,2021-01-20,53.84,1
774,48.0,Other,Rajkot,1852958.0,2022-08-07,20.43,0
775,18.0,Male,Vadodara,1713041.0,2023-04-15,21.01,1
776,35.0,Other,Surat,398287.0,2019-01-11,69.45,0
777,52.0,Male,Rajkot,,2021-08-13,47.17,1
778,55.0,Male,Rajkot,2342345.0,2020-08-13,66.33,1
779,,Other,Delhi,1638916.0,2023-02-01,88.52,1
780,42.0,Other,Mumbai,2301183.0,2021-05-11,65.39,1
781,25.0,Female,Delhi,1449018.0,2018-08-12,63.03,1
782,69.0,Male,Rajkot,932245.0,2019-04-21,75.33,1
783,24.0,Other,Vadodara,722821.0,2020-09-13,27.32,1
784,55.0,Female,Mumbai,989896.0,2022-10-05,98.61,1
785,27.0,Male,Rajkot,1306561.0,2022-04-10,24.64,0
786,36.0,Other,Vadodara,410265.0,2018-11-25,13.9,0
787,25.0,Male,Surat,1841881.0,2018-03-12,10.86,1
788,61.0,Other,Ahmedabad,617139.0,2018-10-06,89.62,1
789,28.0,Female,Delhi,1175991.0,2018-10-27,32.72,1
790,66.0,Other,Delhi,1665692.0,2020-09-19,93.85,1
791,60.0,Male,Surat,620150.0,2020-09-07,45.84,1
792,21.0,Other,Vadodara,490814.0,2021-08-30,30.0,1
793,71.0,Male,Mumbai,1377234.0,2023-05-02,96.02,1
794,28.0,Male,Vadodara,1682111.0,2018-03-23,56.08,1
795,56.0,Male,Mumbai,1204010.0,2020-01-23,70.09,1
796,41.0,Female,Vadodara,251802.0,2018-12-19,39.71,1
797,19.0,Other,Rajkot,369276.0,2019-12-21,46.07,1
798,48.0,Male,Vadodara,1653160.0,2023-05-09,52.55,0
799,42.0,Male,Mumbai,898167.0,2018-02-22,54.11,0
800,25.0,Other,Surat,,2020-01-06,14.39,0
801,19.0,Male,Vadodara,2063003.0,2019-04-21,22.09,1
802,44.0,Male,Rajkot,963079.0,2018-01-03,98.44,1
803,57.0,Female,Delhi,997163.0,2023-05-18,51.62,1
804,32.0,Male,Vadodara,1079291.0,2020-06-18,93.82,1
805,36.0,Other,Surat,757190.0,2019-08-10,95.52,1
806,30.0,Other,Mumbai,,2022-01-17,32.36,1
807,69.0,Female,Mumbai,399853.0,2019-02-02,2.73,1
808,32.0,Male,Ahmedabad,,2023-06-17,9.45,1
809,40.0,Other,Vadodara,174489.0,2020-03-02,66.58,1
810,56.0,Female,Delhi,2350802.0,2021-05-04,22.33,1
811,69.0,Other,Ahmedabad,,2021-01-03,77.75,1
812,52.0,Male,Ahmedabad,2240728.0,2018-07-06,7.01,1
813,46.0,Male,Rajkot,2256735.0,2019-06-30,56.91,1
814,22.0,Female,Mumbai,,2022-07-15,73.69,1
815,68.0,Female,Delhi,1818602.0,2019-04-03,81.04,1
816,56.0,Female,Ahmedabad,496254.0,2018-06-08,27.41,1
817,32.0,Female,Ahmedabad,1156744.0,2022-12-02,92.19,1
818,31.0,Male,Vadodara,1689443.0,2019-07-09,14.07,1
819,23.0,Other,Delhi,1163727.0,2018-01-14,37.16,1
820,40.0,Male,Surat,1245761.0,2018-08-18,63.21,1
821,63.0,Male,Vadodara,1042345.0,2022-10-03,85.68,1
822,55.0,Other,Vadodara,1235834.0,2021-06-17,91.0,1
823,37.0,Other,Mumbai,919728.0,2022-06-19,87.54,1
824,,Female,Rajkot,808722.0,2019-02-10,7.43,1
825,55.0,Male,Rajkot,1391848.0,2018-06-06,60.78,1
826,71.0,Female,Ahmedabad,995518.0,2022-04-23,,1
827,66.0,Male,Rajkot,2186208.0,2021-04-16,14.53,0
828,47.0,Male,Ahmedabad,763438.0,2018-01-02,76.68,1
829,39.0,Male,Delhi,324162.0,2019-03-28,74.82,0
830,52.0,Male,Rajkot,2123938.0,2022-05-25,19.63,1
831,34.0,Female,Vadodara,1003940.0,2021-02-01,97.81,1
832,36.0,Male,Delhi,2483658.0,2021-09-08,66.16,1
833,66.0,Female,Mumbai,1650431.0,2022-09-26,,0
834,,Female,Surat,395512.0,2020-03-16,71.14,1
835,49.0,Other,Mumbai,1912650.0,2019-01-26,28.2,0
836,46.0,Male,Mumbai,1678972.0,2018-01-20,70.94,0
837,25.0,Female,Surat,2202894.0,2021-07-10,52.22,1
838,,Female,Surat,454696.0,2020-12-07,4.57,1
839,34.0,Male,Mumbai,310464.0,2022-10-11,,1
840,,Other,Delhi,1675151.0,2021-01-21,3.05,1
841,31.0,Female,Mumbai,122252.0,2018-11-01,64.05,1
842,37.0,Male,Mumbai,2368349.0,2023-04-23,20.27,1
843,35.0,Female,Rajkot,2301033.0,2019-11-02,44.55,1
844,18.0,Female,Surat,235257.0,2021-10-09,10.56,0
845,28.0,Female,Ahmedabad,750433.0,2021-05-03,42.89,1
846,59.0,Other,Surat,1411825.0,2023-06-18,,1
847,34.0,Male,Rajkot,1371494.0,2022-08-31,89.55,1
848,63.0,Male,Vadodara,639781.0,2020-09-12,13.76,1
849,33.0,Male,Ahmedabad,2017866.0,2020-12-03,62.44,1
850,71.0,Male,Surat,284687.0,2022-04-06,86.64,1
851,61.0,Female,Rajkot,1006773.0,2021-06-07,30.94,1
852,,Female,Mumbai,2491733.0,2018-06-10,98.07,1
853,41.0,Female,Mumbai,646268.0,2021-10-01,6.1,1
854,34.0,Male,Ahmedabad,2099922.0,2022-08-29,70.35,1
855,69.0,Female,Delhi,1787119.0,2018-02-28,88.67,0
856,58.0,Other,Surat,2096408.0,2020-07-10,64.51,1
857,27.0,Male,Mumbai,628918.0,2018-10-22,13.75,1
858,68.0,Other,Delhi,533303.0,2019-07-10,68.72,0
859,66.0,Female,Ahmedabad,622626.0,2022-12-09,,1
860,51.0,Other,Mumbai,872913.0,2020-09-08,59.07,1
861,70.0,Male,Surat,682170.0,2021-12-09,56.63,1
862,50.0,Other,Ahmedabad,1751139.0,2020-07-04,,1
863,55.0,Female,Vadodara,1225020.0,2018-03-08,86.88,1
864,55.0,Male,Rajkot,923003.0,2018-05-19,39.99,1
865,44.0,Other,Surat,2137303.0,2020-08-24,5.11,1
866,41.0,Other,Delhi,1843306.0,2022-03-19,72.9,1
867,54.0,Other,Delhi,2297556.0,2021-05-07,15.07,1
868,63.0,Other,Ahmedabad,1886514.0,2021-07-02,99.52,1
869,51.0,Female,Delhi,2205373.0,2021-10-04,91.85,1
870,41.0,Male,Delhi,705205.0,2019-03-18,35.15,1
871,44.0,Other,Rajkot,481018.0,2018-02-06,14.05,1
872,72.0,Other,Ahmedabad,1484340.0,2022-12-23,68.04,1
873,56.0,Other,Surat,926951.0,2018-02-22,72.98,1
874,43.0,Female,Rajkot,770007.0,2023-02-22,25.77,1
875,47.0,Female,Delhi,2330788.0,2022-12-06,59.65,1
876,64.0,Other,Ahmedabad,985289.0,2020-08-13,71.9,1
877,43.0,Female,Mumbai,489691.0,2021-11-17,93.63,1
878,24.0,Female,Delhi,,2022-02-26,29.0,0
879,55.0,Other,Ahmedabad,439578.0,2020-10-03,76.4,1
880,61.0,Other,Mumbai,503318.0,2022-03-11,72.03,1
881,21.0,Male,Delhi,298240.0,2019-01-07,,1
882,57.0,Male,Delhi,716188.0,2023-01-07,72.89,0
883,32.0,Other,Rajkot,1339611.0,2023-04-02,65.79,1
884,56.0,Male,Rajkot,122319.0,2019-01-26,89.52,0
885,27.0,Female,Delhi,896569.0,2018-06-10,20.29,1
886,74.0,Male,Mumbai,,2021-06-13,40.9,1
887,70.0,Female,Surat,2470362.0,2020-06-15,79.0,1
888,73.0,Other,Delhi,751973.0,2023-02-23,38.19,0
889,19.0,Female,Rajkot,1649449.0,2020-11-11,26.55,1
890,62.0,Other,Mumbai,1658409.0,2021-09-13,,0
891,35.0,Female,Delhi,1536788.0,2018-08-12,45.42,1
892,35.0,Male,Rajkot,1943207.0,2019-05-17,53.77,1
893,28.0,Male,Delhi,2397365.0,2019-02-19,86.47,1
894,41.0,Other,Ahmedabad,963035.0,2021-06-25,75.37,1
895,36.0,Female,Surat,1007751.0,2019-11-22,60.3,1
896,48.0,Male,Delhi,1927128.0,2018-09-05,62.73,0
897,55.0,Male,Surat,612110.0,2022-09-24,82.05,1
898,57.0,Other,Surat,796839.0,2022-10-25,76.4,1
899,73.0,Other,Ahmedabad,1133569.0,2022-06-03,24.49,1
900,,Other,Rajkot,2275274.0,2021-02-27,51.53,1
901,54.0,Other,Ahmedabad,2373752.0,2020-09-21,24.94,0
902,42.0,Male,Surat,1949046.0,2018-11-20,37.89,0
903,61.0,Male,Ahmedabad,2060542.0,2022-01-07,40.76,1
904,31.0,Male,Ahmedabad,306270.0,2022-03-17,13.35,1
905,55.0,Female,Rajkot,753833.0,2018-03-26,29.7,1
906,49.0,Female,Mumbai,866240.0,2022-07-24,29.09,0
907,29.0,Female,Vadodara,925902.0,2020-07-19,17.63,1
908,25.0,Male,Vadodara,227103.0,2020-09-15,43.14,1
909,,Female,Surat,1622443.0,2022-11-12,6.85,1
910,,Female,Vadodara,1430777.0,2020-08-23,28.4,0
911,,Other,Mumbai,739415.0,2018-10-22,58.42,1
912,27.0,Female,Rajkot,1098608.0,2019-10-22,47.03,1
913,40.0,Female,Mumbai,2208172.0,2018-10-20,55.44,1
914,72.0,Other,Vadodara,1111293.0,2021-07-07,54.8,1
915,66.0,Male,Delhi,601956.0,2022-04-09,45.52,1
916,31.0,Other,Rajkot,420363.0,2021-06-03,24.48,1
917,40.0,Female,Mumbai,2176363.0,2021-12-13,43.25,1
918,22.0,Male,Surat,1626243.0,2020-11-24,20.25,1
919,40.0,Male,Ahmedabad,1903433.0,2022-12-17,7.98,1
920,49.0,Other,Mumbai,2017257.0,2023-06-02,13.9,0
921,67.0,Female,Delhi,2221142.0,2020-05-27,48.16,1
922,32.0,Male,Vadodara,1908989.0,2022-03-14,51.41,0
923,72.0,Male,Vadodara,2284145.0,2022-06-18,39.35,1
924,46.0,Male,Vadodara,1474334.0,2019-12-12,20.08,1
925,36.0,Female,Ahmedabad,,2021-03-13,97.02,1
926,19.0,Male,Rajkot,838350.0,2019-09-27,15.76,1
927,67.0,Other,Mumbai,2390660.0,2018-09-13,41.31,0
928,38.0,Male,Delhi,671108.0,2021-02-05,53.22,0
929,45.0,Male,Mumbai,,2021-04-18,85.17,1
930,60.0,Other,Rajkot,1726619.0,2023-02-24,82.11,1
931,53.0,Other,Delhi,354688.0,2022-08-24,8.44,1
932,46.0,Other,Rajkot,1121167.0,2021-08-04,60.34,1
933,48.0,Male,Mumbai,619533.0,2022-02-22,31.71,1
934,64.0,Other,Vadodara,1731250.0,2021-11-15,58.0,1
935,53.0,Other,Delhi,1821042.0,2020-08-17,61.58,1
936,66.0,Male,Surat,707868.0,2020-03-27,5.1,1
937,25.0,Male,Rajkot,447813.0,2021-04-03,70.85,1
938,,Male,Rajkot,1541580.0,2019-02-20,41.15,1
939,63.0,Female,Ahmedabad,1596072.0,2021-07-18,28.77,1
940,37.0,Other,Vadodara,422968.0,2019-10-18,39.18,1
941,62.0,Male,Surat,633865.0,2023-02-07,79.56,1
942,18.0,Other,Mumbai,370746.0,2019-12-27,42.4,1
943,54.0,Other,Delhi,926308.0,2021-01-13,,1
944,56.0,Male,Surat,366816.0,2023-04-16,70.55,1
945,44.0,Female,Delhi,129898.0,2018-10-25,80.3,1
946,20.0,Other,Surat,1335205.0,2021-07-01,84.17,0
947,46.0,Other,Ahmedabad,1952931.0,2020-08-31,25.06,1
948,59.0,Female,Vadodara,809386.0,2022-01-25,18.24,1
949,71.0,Male,Delhi,333753.0,2019-12-17,,0
950,52.0,Male,Mumbai,742766.0,2020-10-04,38.72,0
951,69.0,Female,Surat,2075778.0,2021-03-07,6.13,1
952,70.0,Other,Ahmedabad,693299.0,2022-11-09,20.4,1
953,22.0,Male,Mumbai,1422036.0,2023-05-24,49.83,1
954,,Other,Vadodara,2164978.0,2019-02-24,67.18,1
955,43.0,Female,Vadodara,474682.0,2020-05-27,59.62,1
956,49.0,Other,Mumbai,193450.0,2021-05-14,17.86,1
957,32.0,Male,Ahmedabad,883978.0,2020-02-20,46.58,1
958,,Other,Delhi,,2022-07-02,17.86,0
959,70.0,Male,Mumbai,414609.0,2019-01-06,34.1,1
960,19.0,Male,Ahmedabad,1454296.0,2020-12-04,25.9,1
961,23.0,Male,Delhi,505709.0,2021-08-11,48.93,1
962,63.0,Other,Vadodara,2474670.0,2023-06-10,21.37,1
963,33.0,Male,Rajkot,399524.0,2018-11-25,16.58,1
964,21.0,Male,Rajkot,1018413.0,2020-12-02,90.78,1
965,45.0,Female,Rajkot,910063.0,2023-04-12,,1
966,59.0,Male,Vadodara,1161322.0,2019-05-22,42.06,1
967,69.0,Male,Mumbai,1062580.0,2021-07-10,66.08,1
968,36.0,Other,Ahmedabad,2094290.0,2018-07-09,87.72,1
969,50.0,Male,Rajkot,1557761.0,2020-03-19,54.09,1
970,27.0,Other,Mumbai,2370224.0,2022-09-07,60.93,1
971,30.0,Other,Surat,705866.0,2019-08-12,58.92,1
972,71.0,Female,Rajkot,252579.0,2019-05-30,71.15,1
973,62.0,Female,Vadodara,1480255.0,2020-01-10,27.69,1
974,35.0,Female,Mumbai,1052422.0,2023-03-08,31.37,1
975,40.0,Other,Rajkot,1986884.0,2022-12-18,87.03,1
976,49.0,Male,Surat,324271.0,2022-12-30,72.92,1
977,59.0,Male,Ahmedabad,377603.0,2021-05-14,65.6,1
978,69.0,Other,Ahmedabad,1792622.0,2022-07-07,33.97,1
979,53.0,Other,Delhi,1233037.0,2022-04-16,89.65,1
980,40.0,Male,Vadodara,1126018.0,2018-01-10,66.93,0
981,60.0,Female,Surat,1664679.0,2018-08-02,79.53,0
982,,Other,Ahmedabad,1350981.0,2020-06-06,4.58,1
983,36.0,Male,Delhi,555102.0,2018-02-07,47.87,1
984,48.0,Male,Surat,420185.0,2022-08-03,50.47,1
985,,Female,Surat,478490.0,2020-12-08,27.97,1
986,53.0,Female,Mumbai,514159.0,2022-07-07,75.99,0
987,53.0,Male,Ahmedabad,2083222.0,2022-08-17,47.53,0
988,70.0,Male,Ahmedabad,2290663.0,2018-07-30,2.81,1
989,68.0,Female,Delhi,2090015.0,2020-07-31,83.92,1
990,42.0,Male,Mumbai,1600107.0,2023-01-19,32.73,1
991,65.0,Other,Vadodara,1990531.0,2021-12-12,21.18,0
992,35.0,Female,Mumbai,667029.0,2018-12-12,58.59,1
993,64.0,Female,Ahmedabad,1941454.0,2020-02-09,46.14,1
994,26.0,Other,Delhi,1641130.0,2019-04-27,25.04,0
995,46.0,Male,Ahmedabad,1280302.0,2019-02-22,62.62,1
996,60.0,Female,Vadodara,1492505.0,2022-12-10,50.5,1
997,38.0,Male,Ahmedabad,1468261.0,2023-03-25,69.3,1
998,,Other,Mumbai,,2021-05-11,3.8,1
999,64.0,Other,Vadodara,1392937.0,2021-01-19,81.96,1
1000,22.0,Other,Ahmedabad,1907976.0,2022-06-01,96.17,1
